,AccX,AccY,AccZ,Phase
0,0.539540998668,-0.57961797773,-0.429555719868,0
1,0.559442891584,-0.525705594426,-0.373111836247,0
2,0.574545264539,-0.538803151147,-0.48734065125,0
3,0.561477765058,-0.558350158625,-0.387050833633,0
4,0.514520469653,-0.622344100692,-0.422055061794,0
5,0.473971992417,-0.66239768489,-0.429340975606,0
6,0.516829680534,-0.631240768578,-0.460026363808,0
7,0.449916745444,-0.611207430394,-0.398194921969,0
8,0.483088779799,-0.621144813609,-0.335251275134,0
9,0.433299453164,-0.564708510593,-0.390601932169,0
10,0.548863468727,-0.575430594897,-0.408264458274,0
11,0.650962800979,0.310837045369,-0.319634311597,0
12,-6.19246109899,-25.0309784204,-9.35867579831,0
13,1.4187008201,0.197795799448,-0.34118195116,0
14,1.31493296009,0.282126352768,-0.345802646656,0
15,1.31144754507,0.304892392588,-0.341964553978,0
16,1.30170559226,0.350864576059,-0.419863397703,0
17,1.2258186327,0.390740975678,-0.377298838229,0
18,1.27488466331,0.321366369667,-0.344835703379,0
19,1.20209733177,0.509871711941,-0.348905268723,0
20,1.10904641078,0.501067220606,-0.40804851016,0
21,1.12848814364,0.543586379581,-0.379590169977,0
22,0.995634835968,0.608827432432,-0.416178781629,0
23,0.8883317188,0.657513976909,-0.442634067658,0
24,0.920476438227,0.644387662683,-0.48648259271,0
25,0.822500806346,0.719912535818,-0.516194105329,0
26,0.760022249885,0.620102096757,-0.409134591407,0
27,0.810039081202,0.642426288739,-0.344809771586,0
28,0.808757407594,0.650377604285,-0.34694625012,0
29,0.857902706662,0.5695029031,-0.347255262471,0
30,0.824703824379,0.529098893011,-0.350847833201,0
31,0.805123026157,0.601484283695,-0.376645526748,0
32,0.777430336082,0.551019743817,-0.324511104916,0
33,0.598757302216,0.549816926522,-0.312644054696,0
34,0.593909249364,0.58714480849,-0.359447117318,0
35,0.583249601869,0.609827907741,-0.361758034983,0
36,0.540117507353,0.588986155819,-0.379569559403,0
37,0.499543441773,0.537816750452,-0.408565929523,0
38,0.526192150477,0.559028835595,-0.423564840957,0
39,0.434929785086,0.558507091413,-0.381161190878,0
40,0.41741974881,0.510856011213,-0.370692697242,0
41,0.452952742143,0.531926964686,-0.294328409175,0
42,0.428701708149,0.559547523011,-0.342906057483,0
43,0.513728656861,0.523015080782,-0.276204167139,0
44,0.457347317226,0.55324562798,-0.294607076058,0
45,0.392447263488,0.448133449267,-0.256924789484,0
46,0.385024917028,0.374235133303,-0.309010718085,0
47,0.27573518021,0.396593665569,-0.462184185991,0
48,0.281608500977,0.392639923714,-0.372579863011,0
49,0.220133253998,0.536088179427,-0.395669753482,0
50,0.0646880397869,0.405030595233,-0.398240881813,0
51,0.176748266865,0.387054536861,-0.42096142123,0
52,0.256985070961,0.269011759756,-0.345907245628,0
53,0.397365232383,0.380090472436,-0.321470034476,0
54,0.292628736991,0.359009115683,-0.328379957288,0
55,0.000128016708058,0.248275293694,-0.471033347495,0
56,-0.0931261976681,0.205757422671,-0.440531588349,0
57,0.279298082534,0.409230595642,-0.399028649531,0
58,0.399418532267,0.381320325539,-0.277289745976,0
59,0.202444478665,0.201446204529,-0.217597343058,0
60,0.418111069363,0.24475928886,-0.162716188994,0
61,0.296078014833,0.262194763429,-0.199611968477,0
62,0.273680805873,0.325174835407,-0.235913419924,0
63,0.426355579152,0.37455387032,-0.223449875183,0
64,0.195889127541,0.349071804,-0.248184061476,0
65,0.37213884606,0.382912814898,-0.233966569165,0
66,0.0425454520403,0.186480230753,-0.348068578585,0
67,0.107907689028,0.16019595671,-0.37236146202,0
68,0.234909888434,0.314548517362,-0.256269836075,0
69,0.253087465126,0.349235436503,-0.245876365656,0
70,0.221317413801,0.142944504067,-0.216733032032,0
71,0.22751989521,0.189477162466,-0.249298562602,0
72,0.294176507914,0.225311679895,-0.209579911198,0
73,0.251175089178,0.138551142108,-0.24221780928,0
74,0.272219268887,0.205698947464,-0.19980862151,0
75,0.159337094704,0.157217478506,-0.270324036372,0
76,0.133881173284,0.195889599979,-0.267694970404,0
77,0.0765519417957,0.270125861919,-0.237281814218,0
78,0.119529538293,0.228515926539,-0.211182871412,0
79,0.147067144563,0.0824796002902,-0.215438306667,0
80,0.0653593376204,-0.0587892093013,-0.277246232083,0
81,0.133423011157,0.0553177888552,-0.263025446295,0
82,0.144755148615,0.0538892688508,-0.232677759358,0
83,0.0970457844897,0.0105899600993,-0.170041576051,0
84,0.0473354398093,-0.0152996322954,-0.176927300851,0
85,0.204687687693,-0.0998731313068,-0.0535648247451,0
86,0.337714312939,0.558205086457,0.157809399026,0
87,0.530931347128,1.1756898873,0.432496956365,0
88,0.830122055335,2.28788898389,1.09304243756,0
89,1.10850880475,2.34115155903,1.95827001299,2
90,1.73887603969,1.86313221927,3.40120776047,2
91,1.80587494644,1.45106979936,4.60648644829,2
92,1.89618086403,0.461083739389,5.15642023339,2
93,0.387021837653,-2.93355862256,5.00006715887,2
94,1.39054617952,0.564212410848,3.95029327111,2
95,1.68961049762,2.97894536177,8.97226750814,2
96,0.0603686448532,3.65735440995,5.02110589891,2
97,0.651939186425,5.36205126918,4.00211815137,2
98,-0.225459184305,5.18782346977,3.86032009876,2
99,-0.696957257305,7.08284662614,2.22998970475,2
100,-0.511665533579,8.25241352818,-1.22910257204,2
101,-2.01977723635,11.4198008641,-4.29717737875,2
102,-3.04010077428,14.532829866,-7.67356211748,2
103,-5.16294471113,17.5557334365,-10.902462603,2
104,-5.43180682044,15.6256633945,-10.4698847661,2
105,-6.37250838118,16.3305545494,-12.6180031052,2
106,-6.26455543981,15.7546782354,-12.9335419294,2
107,-8.12543210889,14.6371657269,-9.99006739261,2
108,-7.80896883026,13.4163185694,-9.22144312521,2
109,-8.33730089832,12.0623061788,-7.11484390708,2
110,-8.14197121178,10.5244680532,-4.97939647278,2
111,-7.70076737585,8.05397294173,-1.89591616006,2
112,-7.10237989819,6.59054769979,-0.320029384783,2
113,-5.81873783059,4.34754149863,1.95804689366,2
114,-5.16334222775,2.7715069275,3.12793255614,2
115,-4.14348599669,0.971966739954,4.17919110031,2
116,-3.21971742549,-0.463570381771,4.82094335364,3
117,-1.63756521198,-2.63316457226,5.18938403229,3
118,-0.563797354025,-3.93301731966,5.26130687594,3
119,0.929352245668,-5.63071601941,4.78281496803,3
120,1.75025745028,-6.49522953751,4.30099948528,3
121,2.59123273646,-7.33664650018,3.83105200292,3
122,3.29711797646,-8.90507737346,3.29171480625,3
123,4.17986252328,-11.0099503969,2.7091158378,3
124,5.21715831286,-12.2865334707,1.60742516089,3
125,6.3828449805,-13.8690262599,-0.275389396031,3
126,6.72056426331,-14.7453813027,-1.21967785554,3
127,7.14574456986,-15.2990811411,-2.64936557478,3
128,7.30517978998,-15.1795487012,-3.56903876815,3
129,7.58150997902,-14.6460724998,-4.41185490053,3
130,7.83892021854,-14.2179449564,-4.67753007492,3
131,8.11540734088,-13.4607860564,-4.95622316684,3
132,8.4203329596,-12.6659972097,-4.87274709085,3
133,8.5954656872,-11.4762790585,-4.38229170396,3
134,8.57160212676,-10.638873681,-4.13276196536,3
135,8.37458106617,-9.17352924709,-3.58118363656,3
136,8.14383189431,-7.84984929672,-2.85041200063,3
137,7.69070893273,-6.05052091491,-2.51092507044,3
138,7.23199434351,-4.1140183002,-2.34380722258,3
139,-7.61027445553,-6.66775752846,6.78207798978,3
140,-3.80347278692,-0.852777675316,3.11428635219,3
141,-5.30396183218,29.5495199779,22.8904104227,3
142,-12.8917165106,1.61398063322,-8.38680287711,3
143,-3.77142301159,-3.75939284689,0.614692572109,3
144,3.64171506161,-10.9182285356,-0.157484580363,3
145,4.38879542534,-8.21497285276,0.0508833189196,3
146,0.165615617843,0.0335847582467,1.18882271455,1
147,-1.75733971333,4.06879096969,0.479805032042,1
148,0.0124862429857,-1.58765334667,0.776620406519,1
149,-0.688899377462,-3.06349454183,-0.486018784518,1
150,-0.275091797342,-0.777871315641,-0.390373905946,1
151,0.215722513171,0.232695723351,0.108232271093,1
152,0.241097821009,-0.533022115453,0.136361696578,1
153,-0.428774192562,-0.725440676549,-0.291135811991,1
154,-0.62521611405,-0.199808109866,-0.398462030193,1
155,-0.115228194518,0.425548807364,-0.00224666627841,1
156,-0.0431336180945,0.216179795525,0.00874732696405,1
157,-0.3211891809,-0.244894061034,-0.194783612527,1
158,-0.85081643963,-0.108852806264,-0.44847637537,1
159,-0.888846916593,0.258053413219,-0.465902121734,1
160,-0.467695118724,0.425220672105,-0.313688816819,1
161,-0.532947743656,0.364572678757,-0.321745893477,1
162,-0.316774085278,-0.11793998137,-0.28985781545,1
163,-0.0852018411298,-0.166391686826,-0.162760175986,1
164,-0.123039241922,0.270982674025,-0.177997990766,1
165,-0.176713668458,0.235519509876,-0.155827419604,1
166,-0.198268823157,0.162546686231,-0.174025596748,1
167,-0.199315516585,0.115111342872,-0.274650529273,1
168,-0.405617976378,0.271139412798,-0.375895796509,1
169,-0.157072506989,0.325824332349,-0.322648147925,1
170,-0.361372172295,0.253703659128,-0.346927769199,1
171,-0.291304834779,0.296496978462,-0.337459597437,1
172,-0.113812878706,0.203913399703,-0.367195056441,1
173,-0.101357875005,0.224397488324,-0.19485417554,1
174,-0.109123461464,0.183654533,-0.249706094665,1
175,-0.0445960255378,0.0799136418591,-0.154559629564,1
176,-0.394604612348,-0.371688813569,-0.414160312836,1
177,-0.441121171997,-0.238593136912,-0.318044834656,1
178,-0.258136842694,0.0834272859378,-0.295530389083,1
179,-0.33333572723,0.130518566588,-0.182525498959,1
180,-0.242942008321,0.168304603125,-0.214483947191,1
181,-0.216588821016,0.229791901939,-0.417725249351,1
182,0.00740127628287,0.152473409017,-0.171090024479,1
183,-0.102438019772,0.128061191676,-0.017145469075,1
184,-0.0511124177521,0.184380243852,-0.0194156275624,1
185,-0.1317699689,0.162242716713,-0.119844436652,1
186,0.131485456314,0.223407334119,0.169861949084,1
187,0.112993436694,0.118268274166,0.163120645049,1
188,-0.0199983038425,-0.108929266733,0.238986518604,0
189,-0.250677191976,-0.0270185191576,0.125777923916,0
190,-0.654498301756,-0.18882065367,0.205305717226,0
191,-0.93896054418,-0.450800700341,0.73017141765,0
192,-0.251161729726,-0.400051060275,1.00302788077,0
193,0.489893024244,-0.542721433399,1.82676069914,2
194,-0.50057605915,0.442666886963,3.09527606532,2
195,-1.41124423008,0.419823814078,2.89235281955,2
196,-1.02331330205,-0.511994960685,3.12642337561,2
197,-0.752323238046,0.439279570756,1.85788120239,2
198,-1.57310348579,1.09831054536,3.49976409376,2
199,-1.35257665875,1.18447143673,3.49609361604,2
200,-1.18588570121,1.38076491511,3.43942066127,2
201,-0.970796776859,1.71256378949,3.63254989923,2
202,-0.99805087901,2.07458706862,3.81798997868,2
203,-1.26198719309,2.83838810712,4.02376658976,2
204,-2.04339214537,3.34017503154,4.73187116468,2
205,-11.6977729285,4.1485864722,8.96485138369,2
206,-4.31704154272,7.27446971443,7.71312111151,2
207,-3.66626842048,9.43112125754,5.57264902985,2
208,-5.20576045102,10.07195127,6.26827868448,2
209,-7.36930548962,10.5452805076,2.24954450393,2
210,-9.99467223267,10.4594996523,1.91478746834,2
211,-15.4449820354,12.5128296725,-0.159049443683,2
212,-15.918339273,12.5139407147,-0.981520091282,2
213,-10.0463988989,14.2200426568,1.58524351932,2
214,-7.01983115041,14.1838620015,3.16537340402,2
215,-4.81020810112,12.4228152207,9.11680068814,2
216,-4.74708832126,19.5177685137,5.67417448427,2
217,-8.27909384495,13.6120713712,-7.98091422554,2
218,2.21279322844,11.8389769041,-19.1951951533,2
219,-3.22417367384,10.321754276,-20.3788864818,2
220,-7.77645287493,12.6811252225,-22.9228632843,2
221,-10.4422800649,12.338207946,-16.0600039101,2
222,-8.48080251188,10.9161634645,-13.3769677211,2
223,-7.98528016893,7.64835485616,-6.20127463804,2
224,-4.30691321261,7.55099886054,-13.6357586159,2
225,-5.38612643063,6.19982004084,-14.4468346029,2
226,-8.34631742267,8.74322282149,-10.7271075393,3
227,-8.94955372007,9.10017061647,-10.05148529,3
228,-8.09594905694,7.9904530515,-7.40284912079,3
229,-6.30730188108,8.03003664006,-6.41049459469,3
230,-3.70105406576,7.21783277628,-5.65516313671,3
231,-3.1938035936,6.77911866892,-3.69111773266,3
232,-2.79878922244,6.1844408496,0.539317924398,3
233,-1.51899871534,5.30452510733,1.96186856105,3
234,0.9982991485,3.78970718645,3.07622271257,3
235,1.56110332032,2.45786649098,4.59448289298,3
236,2.29764314605,-0.00309339946938,7.14896807085,3
237,2.90925883977,-1.52435214966,8.17143715924,3
238,4.49654648823,-3.50889572339,9.14783986673,3
239,5.5417103141,-4.95213248532,9.64022479536,3
240,7.54926407753,-9.14438249632,10.891203156,3
241,9.39132666947,-12.2462545882,11.1605249706,3
242,12.195867464,-15.330104736,8.94095980331,3
243,14.2849217989,-16.5001455908,7.04283631864,3
244,18.1021586967,-17.8693392611,2.97765319318,3
245,17.2174822815,-21.5639816452,-1.60561638776,3
246,17.2014932171,-24.4064470974,-5.66608612658,3
247,16.96536452,-27.5296871098,-9.20046105966,3
248,17.1777720925,-28.1259124575,-15.359663932,3
249,17.3890619943,-27.197202487,-18.0801729714,3
250,20.4714595027,-25.2717386542,-24.3193173095,3
251,22.3805556203,-23.1196650731,-26.423902502,3
252,20.8639610469,-23.6855764384,-27.3816800706,3
253,17.0401896809,-24.1803258484,-24.6161861509,3
254,13.1498506111,-23.2203524201,-19.4780828048,3
255,13.102142879,-20.2512287262,-16.439008605,3
256,12.2234685837,-24.2455983357,-13.0980200029,3
257,3.75093685927,-21.6566836217,4.36680098893,3
258,25.8626047548,28.5719169287,54.6374251794,3
259,-34.6445142616,13.3935202081,-17.0589860484,3
260,6.71387030607,-12.9639642907,-4.74567090313,3
261,7.78719149907,-21.1544806992,-6.83000357073,3
262,5.95444402219,-4.06538081423e-05,2.72517196135,3
263,-1.09393339943,5.99513678936,2.10017993214,3
264,3.43811815574,-4.9954072343,0.189854900815,3
265,8.56717584004,-8.16289554642,-0.184002502003,1
266,2.11434644684,-4.65088062158,-1.50521373544,1
267,1.95549888456,-1.44241965586,-0.92214823571,1
268,3.01169456534,-3.26008549583,-0.399601886017,1
269,1.06862877732,-3.36265595308,-1.25044395513,1
270,0.975930600483,-2.7021757024,-1.11137919067,1
271,2.08030936169,-1.34047637086,-0.275365328336,1
272,1.66362367016,-1.40139747026,-0.33753713995,1
273,1.34825535603,-1.26619180867,-0.40016907141,1
274,1.19615748882,-1.28919962582,-0.464086949666,1
275,0.85794380412,-1.36258527769,-0.551637365738,1
276,0.696116833901,-0.954758016517,-0.429248079218,1
277,1.09464620355,-1.26742693959,-0.350394382747,1
278,1.01568778081,-1.25500361125,-0.350834653705,1
279,1.06909808913,-1.10400555024,-0.274518037023,1
280,0.668871134436,-1.21020009786,-0.204091918633,1
281,1.08360076337,-1.20720462513,-0.40030448097,1
282,0.915138209871,-1.10281831423,-0.353495291941,1
283,0.974639006766,-0.939155895429,-0.266209818806,1
284,1.08589383779,-0.765759872421,-0.281684669446,1
285,0.874487807315,-0.893669550624,-0.352237149957,1
286,0.488505600398,-1.06612924681,-0.523109445875,1
287,0.298459962163,-1.10290700533,-0.489768471317,1
288,0.57218088179,-1.05857899639,-0.427700113856,1
289,0.46557899212,-1.07568320735,-0.386524873151,1
290,0.288092665046,-1.1272917534,-0.341769658393,1
291,0.593676304571,-0.866989589103,-0.343790869757,1
292,0.558897674042,-0.691403009092,-0.248077543725,1
293,0.662027503517,-0.585601235212,-0.166524058211,1
294,0.689008441399,-0.603123983525,-0.138555493558,1
295,0.665415226346,-0.525570556839,-0.156249831034,1
296,0.430190316959,-0.547187492047,-0.0568257179878,1
297,0.360333721462,-0.68864980796,0.0908917325705,1
298,0.542969147521,-0.541982523031,0.172072754316,1
299,0.659571927319,-0.576017934331,0.461584147806,1
300,0.287287427586,-0.673223547088,0.527563599848,1
301,0.041601858526,-0.828456238945,0.625681937811,0
302,-0.00396703416042,-0.725836709871,0.492091725331,0
303,0.840512702979,-0.409752568415,0.805202840735,0
304,-1.02488501999,-0.896934774251,2.7287869837,0
305,-0.792855637973,-1.28260273611,2.97109461642,2
306,0.0417409149296,0.0944913971166,1.29216151989,2
307,-0.171919732985,-0.206206188196,2.18718589684,2
308,-0.517026680189,-0.252188820812,2.20656892136,2
309,-0.878163907072,-0.0432801612909,2.48036544233,2
310,-0.847295859688,0.241537415556,2.69781841564,2
311,-0.583267158888,0.535752217236,2.84422058399,2
312,-0.543489225534,0.844639152108,2.98958292322,2
313,-0.578429646609,1.12063182251,3.09539025087,2
314,-0.51364093754,1.10064249215,2.96405305998,2
315,-1.26229924585,1.52546399233,3.52766617622,2
316,-3.56297893345,1.37792297333,4.68785764921,2
317,-7.84656736172,3.09668995334,8.07461812667,2
318,-2.82314310338,6.38552661487,5.83540573502,2
319,-4.6589617217,8.22418336562,7.25447945431,2
320,-8.62522044233,8.70743089095,5.89822270343,2
321,-11.2848928154,7.94615636243,5.4329389153,2
322,-13.0000340893,6.84013481284,6.14396484492,2
323,-9.6657231355,2.70637688807,7.6727679507,2
324,-10.2750148495,10.5945496964,6.27893542736,2
325,-7.9946726376,13.1636466241,7.66856534717,2
326,-7.78242707852,14.7649354338,1.32842565332,2
327,-10.4033683552,18.1141331911,-5.37485033516,2
328,-4.48013537279,18.4286776133,-10.1425955609,2
329,-3.21731350216,15.8631022105,-11.5617610189,2
330,-5.88555411752,16.1671606823,-15.1449192079,2
331,-8.32926312914,15.5781689682,-15.474978355,2
332,-5.8672134636,11.467075158,-12.3714860399,2
333,-5.31108905881,10.30870223,-13.1912051655,2
334,-6.40878807828,8.83710078025,-14.3912489885,2
335,-6.92383832528,8.06100182005,-15.4110135251,2
336,-8.19138322075,8.38585393036,-14.374078198,2
337,-8.79363964613,9.89018008992,-12.445789168,2
338,-6.37771168402,7.62627227019,-8.33143196913,2
339,-5.66099505301,8.37928034467,-8.00830841549,2
340,-3.54498830849,6.85541147135,-6.7435674001,2
341,-3.33473803674,6.75346825201,-4.27356601038,2
342,-2.83660928481,6.11628846185,-0.903552508209,2
343,-1.40725171455,5.2190441548,0.831038987414,2
344,0.209308258991,3.90058650822,2.36007128627,2
345,1.45033803464,2.08279591106,3.4171401417,2
346,2.71165775075,0.11848178431,5.29472829019,2
347,3.97177686213,-1.98776472337,6.04526674565,2
348,4.63294313087,-3.54780032026,6.29996363536,2
349,4.98812787476,-4.3071140138,7.08127907414,2
350,5.88154010534,-5.31336694541,7.25180558121,2
351,6.99185903807,-6.56252206914,6.70408130286,3
352,8.0847232253,-8.08795007726,6.22894462648,3
353,8.90234402879,-10.1592276338,6.2082628274,3
354,11.1966737593,-13.1092793832,5.78039928097,3
355,13.6250562712,-16.6002130641,4.18043556503,3
356,15.2073693648,-19.1959184953,2.30362890224,3
357,16.3970360077,-22.5818599929,-2.32460297503,3
358,15.8780844849,-23.2920386466,-6.26141247482,3
359,14.3510817738,-22.4653463719,-8.4856057953,3
360,13.7600630703,-22.0528090888,-9.14504542446,3
361,13.47726697,-21.17960326,-12.798952365,3
362,13.2591515437,-21.1346369899,-14.9415891219,3
363,11.8583200573,-21.673734872,-16.9934658871,3
364,10.4126432866,-21.1140163777,-16.2485896056,3
365,7.60985963994,-19.2648264773,-14.2830955721,3
366,6.14476857364,-16.9373238193,-11.9908497524,3
367,3.6479157395,-16.2082901264,-9.43690366426,3
368,4.13346714707,-13.9547873142,-11.759814669,3
369,2.55541850427,-14.9034037537,-7.36979584967,3
370,11.5947923565,-6.83321445522,-3.70776002031,3
371,1.24568681217,-22.1418670012,-12.9125413472,3
372,8.5967984279,-8.36694944557,-5.75428287883,3
373,8.48796427319,-15.287013532,-7.15598109173,3
374,8.87689294076,-13.3723757961,-10.486233295,3
375,8.59512949855,-9.72250347482,-4.79203007736,3
376,1.60809243657,-5.99832122519,2.3212299724,3
377,-4.84060891478,7.33098454393,15.7046562676,3
378,-3.41210247969,8.93341974981,8.61410704859,3
379,9.0117144019,-3.40377048823,3.16306946223,3
380,7.9198276914,-9.32196724914,2.26232442559,3
381,4.80393378288,-5.93023564828,-0.121788163106,3
382,2.84831554719,-3.5522581433,-0.118116113095,1
383,0.224324741456,-0.802761068843,-0.85841715589,1
384,0.819110833242,-0.875434218093,-0.750871799068,1
385,1.8828905435,-2.80655720334,-0.697781113755,1
386,2.31629141636,-2.82224316256,-0.397660696355,0
387,1.92256571806,-1.74530482624,-0.0301885586716,0
388,1.31655999304,-1.08245266316,-0.201669449251,0
389,0.869074004432,-0.983515041196,-0.516469901692,0
390,0.537454020449,-0.87434134451,-0.591898391589,0
391,0.605383544636,-0.748310896015,-0.467745936497,0
392,0.644598753316,-0.560720822887,-0.609710450068,0
393,0.245442927147,-0.626234604508,-0.443051613258,0
394,0.752314790809,-0.838578952789,-0.315471448576,0
395,1.10510995129,-0.986226085571,-0.308676115849,0
396,1.06691696794,-0.875415617332,-0.303121111933,0
397,1.16182017892,-0.632821490312,-0.242369566215,0
398,1.04314553658,-0.869104235845,-0.298664444135,0
399,0.716811137753,-0.614363562068,-0.309596524387,0
400,0.931332557378,-0.848894846231,-0.390036335795,0
401,0.845170010178,-0.637826372642,-0.229813314629,0
402,1.12787276694,-0.729004070366,-0.12232441038,0
403,0.848025141378,-0.467464748659,-0.195252240949,0
404,0.894748968296,-0.470833964331,-0.11506798507,0
405,0.848138406655,-0.623230710122,-0.213333421088,0
406,0.91732260001,-0.598771512136,-0.0540061239151,0
407,0.751279815305,-0.565400145844,-0.128196903147,0
408,0.709715005822,-0.729053828824,-0.282793683054,0
409,0.604383316905,-0.452717922542,-0.306922886312,0
410,0.308272550187,-0.488734877122,-0.431055821481,0
411,-0.0967784877998,-0.274842712219,-0.382520083398,0
412,0.210333532049,-0.321298058363,-0.353784194149,0
413,0.409830972685,-0.344604999608,-0.133620390115,0
414,0.479912856366,-0.377934334797,-0.332756554973,0
415,0.76315082653,-0.567029458451,-0.176969835844,0
416,0.33080613776,-0.535289054308,-0.294823097273,0
417,0.447161934811,-0.608473518051,-0.361873053567,0
418,0.189123181026,-0.554185187008,-0.29857020585,0
419,0.192962931108,-0.396648477465,-0.336721609492,0
420,-0.289739397251,-0.104984375515,-0.542611416653,0
421,-0.161802573798,-0.00170121285068,-0.469350740175,0
422,0.136902818926,-0.103591207036,-0.240995159973,0
423,0.307131419283,-0.0827655442974,-0.0523010294477,0
424,0.69999960744,-0.406712261207,0.063059324971,0
425,0.690523319625,-0.33697704143,-0.0777653998583,0
426,0.594786239817,-0.527413817125,-0.111512608737,0
427,0.766850628354,-0.302650190895,0.185732930475,0
428,0.672608591098,-0.300188714864,0.00461175953507,0
429,0.512488210666,-0.0176834384385,0.384638058611,0
430,0.488551580796,-0.120044966741,0.0659991788661,0
431,0.568088663451,0.035807300189,0.706888463765,0
432,0.110515905555,0.0586475603777,0.19841256714,0
433,-0.050882575193,0.265021103202,0.736168203756,0
434,-0.128239245139,0.630373818879,1.49555619523,2
435,-0.141933916173,0.564684763764,1.13559405159,2
436,-0.790523763973,-0.104459235642,2.0112233879,2
437,-1.41602149233,-1.02576168291,6.17146106239,2
438,-3.13319963126,2.10040824777,5.18007559231,2
439,0.923727994454,0.750507474377,3.28433149955,2
440,1.09609764008,0.365148995124,0.447593907461,2
441,2.11812067782,0.010668980826,2.45355339069,2
442,0.72656978352,0.214959373963,2.7367969263,2
443,0.981514127186,0.661968877048,2.70426794096,2
444,1.5813474303,0.799829277705,3.52747543473,2
445,2.99362469996,0.991057431249,3.33575890791,2
446,3.44302744521,0.775064339709,2.92553510817,2
447,3.19617902248,1.04097724867,3.1592753427,2
448,3.16175020314,1.46809201993,3.03945371845,2
449,3.40435390564,2.86177697754,3.83894867701,2
450,3.36711541517,3.73696794539,4.05600862999,2
451,3.63050577509,6.0605110089,4.80500683415,2
452,6.26491191987,6.4943542534,3.94281882803,2
453,8.36603742018,3.16982481386,0.549573562468,2
454,8.7188341924,1.55089029592,-0.261203775991,2
455,6.79321404244,-5.53293281836,-0.927358861455,2
456,6.22326625883,-6.82877333839,-0.480400211711,2
457,9.95909337889,2.45507267647,-0.857590735201,2
458,14.9243114285,2.08651635942,-9.37153830826,2
459,14.5680384837,-8.93113194183,-4.95488872407,2
460,14.4422120252,-11.3343228784,-3.52088757819,2
461,13.203459954,-10.71047251,-7.4243485732,2
462,12.1182446298,-9.13549983227,-6.79918099154,3
463,12.508218918,-4.71205953401,-4.9445734464,3
464,11.6086194396,-2.36980285435,-6.5625351532,3
465,11.9587992257,0.235616698458,-9.30033417334,3
466,12.0990715341,0.985361679854,-10.0469525077,3
467,12.3995381036,1.59652209028,-11.1531418686,3
468,12.627215776,1.50176003742,-11.0283110481,3
469,12.6905393579,1.22972248952,-10.7367757702,3
470,13.0154683214,0.217568438489,-9.97954369587,3
471,12.8274911145,-1.13148266653,-8.74567184752,3
472,12.3976479275,-2.56454427976,-7.72019113649,3
473,11.7058465356,-4.07936752129,-6.69542331432,3
474,11.3320092891,-4.55999398181,-5.05265024067,3
475,10.282087158,-5.19316067192,-3.08455120294,3
476,8.90891246285,-5.37914587823,-1.48649085418,3
477,7.11989910553,-5.70758066587,0.387138671177,3
478,5.31729624065,-5.89639456502,1.6020174315,3
479,4.34125279658,-5.75235257016,2.43681756959,3
480,3.26345373942,-5.74910687794,3.16799158449,3
481,2.90543578272,-5.34739392125,4.18835001725,3
482,1.6663416044,-5.76487280879,5.46241780828,3
483,0.792563596265,-6.25466065432,6.15080178988,3
484,-1.93724619177,-6.9474934499,7.45732302086,3
485,-4.7660818774,-7.24247668306,8.07189759722,3
486,-9.89765047374,-6.94089404721,8.76456848297,3
487,-12.5631290852,-6.4285583033,8.54443351258,3
488,-16.9774049934,-5.70538402901,6.21972584921,3
489,-20.6275991761,-0.129631092601,3.1724497474,3
490,-22.3097551941,1.19685352864,3.01270486715,3
491,-23.8588125021,2.29144706089,1.15881920487,3
492,-25.3628327848,3.96232743107,-2.20071549064,3
493,-26.1171107568,4.75642029155,-3.24096361823,3
494,-27.7376719242,3.80113167551,-6.66974140454,3
495,-29.3389946886,3.0840031277,-8.82536999203,3
496,-30.4022948049,2.73931323993,-10.1207693524,3
497,-29.6954975221,3.53647627983,-10.6470753928,3
498,-26.2680033117,5.31843238251,-9.32101288623,3
499,-27.50046176,7.90449188797,-7.40637358895,3
500,-28.0953827874,28.6119487446,3.72059832248,3
501,-18.3219812484,5.71872149707,19.8659349717,3
502,13.9666665206,-5.05861553,4.96884527985,3
503,10.4931842623,4.34097516027,-2.09160513634,3
504,1.49983165369,3.10398284137,-0.289653703297,3
505,-8.8845790238,7.62707760163,-3.20376204337,3
506,-6.6433801452,0.79175209031,0.00143491828767,1
507,2.9878129605,-8.07607343447,5.02679484497,1
508,-2.95224107779,2.61395314579,-0.480795482482,1
509,-4.57525514385,4.26355973411,-0.21658079075,1
510,-0.638210879404,0.192993610526,-0.778978371136,1
511,-1.81094131156,-1.74381286096,0.304896915265,1
512,-0.698913498108,0.45554500114,-0.617913989401,1
513,-0.212380222251,1.13603647446,-0.664047093037,1
514,-0.635643876669,-0.990277246821,-0.144264395738,1
515,-0.377109115232,-1.4692713384,-0.0626539639972,1
516,-0.339788573536,-0.981820429751,-0.0981803132327,1
517,-0.216498518349,-0.990454753569,-0.246871605288,1
518,-0.523128827252,-0.923378556644,-0.0734247072779,1
519,-0.641877085169,-0.607454083879,-0.155790376013,1
520,-0.473500300336,-0.375513720212,-0.316231630425,1
521,-0.247053239218,-0.463166696136,-0.311464467213,1
522,-0.403481617226,-0.986005009649,-0.0766791226109,1
523,-0.380879736113,-1.28648530902,-0.065471802353,1
524,-0.64162715253,-1.31218268802,-0.00413785622924,1
525,-0.663768447621,-1.0019304951,-0.146501211352,1
526,-0.672427249507,-0.918836698086,-0.0946322164482,1
527,-0.264484869562,-0.49007746901,-0.372585255006,1
528,-0.349455125872,-0.238486069768,-0.409173544164,1
529,0.181908996973,-0.409939719921,-0.177340968809,1
530,-0.0873190768398,-0.621299510128,-0.17399865509,1
531,-0.351151635544,-0.565925581021,-0.135276216343,1
532,-0.409500309034,-0.601144125185,-0.211833345998,1
533,-0.291112542975,-0.57116485681,-0.0790780154628,1
534,-0.323734716567,-0.574633100096,-0.203166836087,0
535,-0.545010609489,-0.64998141282,-0.0864279990876,0
536,-0.512469286216,-0.447714683358,-0.247767366002,0
537,-0.601925273267,-0.379945993366,-0.582733279253,0
538,-0.493708116542,0.401829325901,-0.0881684919403,0
539,0.336378586594,-0.29748729533,-0.290731132736,0
540,0.432170506922,-0.112634443698,-0.152323066883,0
541,0.441464528137,0.365002114561,-0.0103163889436,0
542,0.341602326713,0.489653353304,-0.00957824723942,0
543,0.335790430573,0.321101820537,0.00799133335224,0
544,0.182694085486,0.620673191361,-0.146541110769,0
545,0.223400814443,0.521720227387,0.168885633879,0
546,-0.831179095886,0.618816578939,0.728045533812,0
547,0.679915728876,0.164674131839,2.17211618997,0
548,1.32631145564,-0.470387709605,1.9711849578,0
549,0.34096619411,-0.668522032622,2.06853985569,2
550,0.411138394273,-0.33565390335,2.21702176218,2
551,1.06514848165,-0.147372139856,2.28308486143,2
552,1.01978873739,-0.315451784544,2.60321317078,2
553,1.10756282648,-0.875025018613,2.8407351078,2
554,1.04749020456,-1.32040310709,2.91334267344,2
555,0.833387837823,-1.48027539446,3.02311136363,2
556,1.18803081067,-1.88931100311,3.07085391535,2
557,1.70282646418,-1.75250110577,3.49342276874,2
558,6.17738626503,-0.46660036586,5.49050251374,2
559,3.87871807304,-4.65667427874,8.61723051731,2
560,1.0023160648,-6.44190137544,4.0110191303,2
561,3.83901250849,-6.56018306575,7.399613079,2
562,5.67757279922,-7.85093191927,5.23704899253,2
563,8.50636883688,-7.69063574877,4.38354739053,2
564,12.085990393,-8.05667942107,2.69337226123,2
565,15.8370335614,-9.61006470413,0.0696944666227,2
566,17.9001902731,-10.2325757053,-1.38323152808,2
567,15.49434615,-8.60634171777,1.82345211058,2
568,10.4078248214,-9.12455393193,1.75991271348,2
569,10.2616606683,-10.4383256469,1.83493298905,2
570,-2.9902249472,-17.2792843043,-4.64815224841,2
571,-5.70806554103,-16.3028774386,-13.3767277137,3
572,11.2251198138,-17.9868389318,-14.4184171013,3
573,10.3943705434,-8.98873011353,-10.7511809366,3
574,11.8714298925,-8.95665038161,-12.397428101,3
575,9.43960200442,-8.56287995416,-14.7941285155,3
576,7.46295695397,-5.43481192345,-14.7657147603,3
577,9.02493271639,-4.66324170638,-13.9122192063,3
578,11.640099828,-4.33260036874,-12.3409832777,3
579,12.2862713373,-5.09377104847,-11.1043965459,3
580,10.2324268778,-4.54018272792,-8.67116978453,3
581,9.18215176272,-4.43870354917,-8.13702658917,3
582,7.02780318914,-4.30586192391,-5.93891619759,3
583,5.8887810227,-4.14899567107,-3.89399578478,3
584,4.72433379436,-4.09115098505,-0.962983555947,3
585,3.09145581878,-4.68034983653,0.0822098069766,3
586,1.14474740787,-4.96658546887,1.25543992042,3
587,-0.201794387902,-5.22621104757,2.33527100823,3
588,-2.71512461592,-4.38139846583,4.47751431774,3
589,-3.87653875803,-3.68242975705,5.253259841,3
590,-4.98716760863,-3.76042321824,5.41089337996,3
591,-6.20303440377,-3.06715991618,6.27093751831,3
592,-8.14470485503,-2.38295538237,7.32796204308,3
593,-10.4168539609,-0.981324668338,8.22276647653,3
594,-13.465549581,0.640172809537,8.08062133477,3
595,-15.092835101,1.01534572,7.00291761947,3
596,-17.278988101,0.967397591805,5.20439314831,3
597,-19.2298748799,1.27355573112,3.43343959491,3
598,-20.9840018947,1.35275718777,0.044785623201,3
599,-22.0843381292,6.30956404264,-3.00266954744,3
600,-23.2139080856,7.25651085021,-4.39975545698,3
601,-24.6919482028,10.7611316204,-7.06885956027,3
602,-24.1398599737,11.8545661543,-11.9801707315,3
603,-25.4005082173,12.7984811781,-15.3304423979,3
604,-27.0655992089,10.5528056447,-20.64865887,3
605,-27.4155087592,10.4690097776,-22.8271888853,3
606,-25.1658302396,11.7675946521,-22.2239737328,3
607,-22.8475333735,13.3071862612,-19.552996083,3
608,-18.9647432128,13.153959203,-15.9836325809,3
609,-17.5582522171,10.5635624487,-13.3843130942,3
610,-16.8315724581,7.9349948504,-12.5389274685,3
611,-18.8762320172,17.3268464489,-8.86448051907,3
612,-19.0012869854,-0.91165029146,2.51593877048,3
613,8.89213156105,-41.0423661827,26.2893717321,3
614,10.32576758,13.7656309214,-6.3821178282,3
615,-11.2560952602,5.30008195233,-3.90809658043,3
616,-12.5997227053,10.2713581903,-4.07794814523,3
617,-6.77132696883,-4.05340558967,0.115815741079,3
618,-0.697415965518,-5.57727653635,1.37304044758,1
619,-12.0075155565,-3.72942899254,0.256738301078,1
620,-9.90364484936,2.0227451112,-1.09778491769,1
621,-4.43952072546,-0.754637529197,-1.42800266085,1
622,-4.52703268883,0.24812004403,-1.0447028525,1
623,-2.90695814617,1.28019021314,-1.11755722335,1
624,-2.78189044606,-0.246246479608,-1.04192040956,1
625,-2.72359346273,0.0959740229623,-0.799789053982,1
626,-2.41955855426,-0.187257145432,-0.879870047721,1
627,-2.35566691881,-0.852745580803,-0.695088271346,1
628,-1.90840582191,-0.911089437909,-0.681562578009,1
629,-2.1533325511,-0.776987454175,-0.639070283076,1
630,-2.03030302535,-0.638556892727,-0.610274066497,1
631,-1.97849977019,-0.599581624053,-0.577829317249,1
632,-1.96228732748,-0.590388177873,-0.534564452984,1
633,-1.86972735136,-0.253860222327,-0.618295324397,1
634,-2.01977348824,-0.45137024184,-0.533939133966,1
635,-2.36766434319,-0.782544964765,-0.220426514903,1
636,-2.24644733968,-0.626277828825,-0.277468219595,1
637,-1.76008179128,-0.53463485566,-0.400031096498,1
638,-1.75837517761,-0.527624607033,-0.39898429809,1
639,-1.68338214603,-0.41629617027,-0.33185405504,1
640,-1.41159061239,-0.364239695016,-0.424165603748,1
641,-1.29465124014,-0.352852696514,-0.358585880565,1
642,-1.21478983714,-0.321083939276,-0.43931166531,1
643,-1.21862330135,-0.174862259288,-0.372570349808,1
644,-1.4433586507,-0.453929816207,-0.272865716358,1
645,-1.07104744453,-0.181999391934,-0.309313753467,1
646,-0.917821659928,-0.12686697135,-0.210898413627,1
647,-1.1073069717,-0.198546928841,-0.169813090239,1
648,-0.900637622595,-0.240316211929,-0.237781078952,1
649,-0.583776498969,-0.393463590971,-0.157426938632,0
650,-0.969598687617,-0.179669163312,-0.218420386365,0
651,-0.916319106737,-0.0976258908922,-0.150798321275,0
652,-0.795598616726,-0.0627266782236,0.0525219216105,0
653,-0.655391548929,-0.128089077408,0.174650846175,0
654,-0.756019509427,-0.371771280081,0.315050587456,0
655,-0.897666317702,-0.0867658954971,0.272701286266,0
656,-0.80601414301,0.0757573735469,0.422607463767,0
657,-1.05009454871,0.502757715469,0.101127598292,0
658,-1.85917525629,-0.0954225666053,0.436478227493,0
659,-0.314000188589,-0.964868773251,1.63441345318,0
660,-0.581363974346,0.210021212918,1.56435009368,0
661,-0.176421853634,0.4143999728,1.63814218922,0
662,0.0362813027887,-0.079609868287,0.885586607461,0
663,0.0821384249195,-0.202584674682,1.2322145128,2
664,-0.252849636073,-0.538352421496,1.54784084573,2
665,-0.578964811572,-0.752711557762,1.78469965669,2
666,-0.872332626095,-0.970588473852,2.39866958489,2
667,-1.008252468,-1.38501761268,2.36785306566,2
668,-0.895089603654,-1.78598573785,2.28301513914,2
669,-0.675109811802,-2.11634278568,2.12259585687,2
670,-0.820539119589,-1.40056353383,2.36576601445,2
671,-0.261578132175,-1.87621443529,2.84507315108,2
672,4.243248611,-1.4410582948,6.16203026445,2
673,4.94160574743,-4.23857300186,8.97716672169,2
674,3.24799289562,-5.96659223039,7.80563707077,2
675,4.79476170271,-7.05284861089,8.32527813118,2
676,6.15213702859,-7.82612849158,5.11571900119,2
677,7.66890700541,-8.33044092358,5.46441560996,2
678,7.99154812305,-8.48591420935,3.87790915051,2
679,8.00830378247,-8.24607699205,3.56088268726,2
680,4.53829642503,-5.8742429563,6.40744003569,2
681,3.45498801702,-9.53656966806,3.0744197416,2
682,3.78200740611,-14.7157491559,-3.51052343214,2
683,-1.3503822174,-15.4934616395,-9.84098485554,2
684,4.0343444633,-11.8482396174,-10.7707123858,2
685,8.02946115757,-12.9782082766,-12.5529779133,2
686,7.28554622915,-8.71747210361,-16.2570358999,2
687,5.76213571248,-5.40735345559,-16.7366934717,2
688,9.19350831807,-4.8670232555,-14.3667112928,2
689,9.9804776213,-3.13400236947,-12.1933757462,2
690,10.154576639,-2.38496621852,-13.0278955621,2
691,9.67646840209,-2.05667807226,-11.1117028476,2
692,8.65956395421,-1.82817493914,-9.53306403412,2
693,7.66000414627,-2.44582395529,-8.39812819446,2
694,5.83132071681,-2.66058164378,-6.97074182903,2
695,3.82082032686,-2.7322819653,-4.2319978564,2
696,1.51990633545,-2.1072237332,-2.71045089476,2
697,-1.53853751537,-1.13043904922,-1.32019920396,2
698,-2.65916790905,-0.485001394569,-0.0175326254318,2
699,-5.55853416609,0.91821644898,2.26237381361,2
